{
    "resources": [
        {
            "name": "control/Signature.js"
        },
        {
            "name": "controller/App.controller.js"
        },
        {
            "name": "model/json/Employees.json"
        },
        {
            "name": "model/json/Countries.json"
        },
        {
            "name": "manifest.json"
        },
        {
            "name": "model/models.js"
        },
        {
            "name": "model/formatter.js"
        },
        {
            "name": "controller/OrderDetails.controller.js"
        },
        {
            "name": "controller/MasterEmployee.controller.js"
        },
        {
            "name": "controller/Main.controller.js"
        },
        {
            "name": "controller/EmployeeDetails.controller.js"
        },
        {
            "name": "controller/Base.controller.js"
        },
        {
            "name": "model/json/Layout.json"
        },
        {
            "name": "i18n/i18n.properties",
            "raw": "i18n/i18n.properties"
        },
        {
            "name": "Component.js"
        },
        {
            "name": "manifest-bundle.zip"
        },
        {
            "name": "Component-preload.js",
            "merged": true
        },
        {
            "name": "model/formatter-dbg.js",
            "isDebug": true
        },
        {
            "name": "model/models-dbg.js",
            "isDebug": true
        },
        {
            "name": "controller/OrderDetails-dbg.controller.js",
            "isDebug": true
        },
        {
            "name": "controller/MasterEmployee-dbg.controller.js",
            "isDebug": true
        },
        {
            "name": "controller/Main-dbg.controller.js",
            "isDebug": true
        },
        {
            "name": "controller/EmployeeDetails-dbg.controller.js",
            "isDebug": true
        },
        {
            "name": "controller/Base-dbg.controller.js",
            "isDebug": true
        },
        {
            "name": "controller/App-dbg.controller.js",
            "isDebug": true
        },
        {
            "name": "control/Signature-dbg.js",
            "isDebug": true
        },
        {
            "name": "Component-dbg.js",
            "isDebug": true
        },
        {
            "name": "../../sap-ui-version.json"
        },
        {
            "name": "view/OrderDetails.view.xml"
        },
        {
            "name": "view/MasterEmployee.view.xml"
        },
        {
            "name": "view/Main.view.xml"
        },
        {
            "name": "view/EmployeeDetails.view.xml"
        },
        {
            "name": "view/App.view.xml"
        },
        {
            "name": "fragment/TableOrders.fragment.xml"
        },
        {
            "name": "fragment/TableEmployee.fragment.xml"
        },
        {
            "name": "fragment/NewIncidence.fragment.xml"
        },
        {
            "name": "fragment/DialogOrders.fragment.xml"
        },
        {
            "name": "css/style.css"
        },
        {
            "name": "index.html"
        }
    ]
}