{
  "controller/MasterEmployee.controller.js": 1621392321695,
  "controller/App.controller.js": 1621283336339,
  "model/json/Employees.json": 1621995860742,
  "model/json/Countries.json": 1621995855548,
  "manifest.json": 1621996875261,
  "model/models.js": 1619660481076,
  "model/formatter.js": 1620454013441,
  "controller/OrderDetails.controller.js": 1621985528175,
  "i18n/i18n.properties": 1621814145683,
  "controller/Main.controller.js": 1621996072477,
  "controller/EmployeeDetails.controller.js": 1621392280007,
  "controller/Base.controller.js": 1621392364316,
  "model/json/Layout.json": 1621995864984,
  "control/Signature.js": 1621800649873,
  "Component.js": 1620776579057,
  "manifest-bundle.zip": 1621996874658,
  "Component-preload.js": 1621996875157,
  "model/formatter-dbg.js": 1620454013441,
  "model/models-dbg.js": 1619660481076,
  "controller/OrderDetails-dbg.controller.js": 1621985528175,
  "controller/MasterEmployee-dbg.controller.js": 1621392321695,
  "controller/Main-dbg.controller.js": 1621996072477,
  "controller/EmployeeDetails-dbg.controller.js": 1621392280007,
  "controller/Base-dbg.controller.js": 1621392364316,
  "controller/App-dbg.controller.js": 1621283336339,
  "control/Signature-dbg.js": 1621800649873,
  "Component-dbg.js": 1620776579057,
  "resources.json": 1621996875264,
  "view/OrderDetails.view.xml": 1621982834734,
  "view/MasterEmployee.view.xml": 1620352511841,
  "view/Main.view.xml": 1621283336335,
  "view/EmployeeDetails.view.xml": 1620927158194,
  "view/App.view.xml": 1621283336327,
  "fragment/TableOrders.fragment.xml": 1621300595222,
  "fragment/TableEmployee.fragment.xml": 1620683566085,
  "fragment/NewIncidence.fragment.xml": 1620872701508,
  "fragment/DialogOrders.fragment.xml": 1620926762855,
  "css/style.css": 1620355531233,
  "index.html": 1621800111986
}